Name,Platform,Year_of_Release,Genre
 Fire Emblem Fates,3DS,2015,Role-Playing
3rd Super Robot Wars Z: Tengoku-Hen,PSV,2015,Action
3rd Super Robot Wars Z: Tengoku-Hen,PS3,2015,Action
7 Roses: A Darkness Rises,PC,2015,Misc
7th Dragon III Code: VFD,3DS,2015,Role-Playing
A Good Librarian Like a Good Shepherd: Library Party,PSV,2015,Action
Abunai: Koi no Sousa Shitsu,PSV,2015,Action
Act of Aggression,PC,2015,Strategy
Adventure Time: Finn & Jake Investigations,PS4,2015,Action
Adventure Time: Finn & Jake Investigations,PS3,2015,Action
Adventure Time: Finn & Jake Investigations,3DS,2015,Action
Adventure Time: Finn & Jake Investigations,X360,2015,Action
Adventure Time: Finn & Jake Investigations,XOne,2015,Action
Adventure Time: Finn & Jake Investigations,WiiU,2015,Action
Aikatsu! My No.1 Stage!,3DS,2015,Misc
Airship Q,PSV,2015,Platform
Alia's Carnival! Sacrament,PSV,2015,Adventure
Amatsumi Sora ni! Kumo no Hatate ni,PSV,2015,Adventure
Angelique Retour,PSV,2015,Action
Animal Crossing: Amiibo Festival,WiiU,2015,Misc
Animal Crossing: Happy Home Designer,3DS,2015,Simulation
Anno 2205,PC,2015,Strategy
Arcania: Gothic 4,PS4,2015,Role-Playing
Arslan: The Warriors of Legend,PS4,2015,Action
Arslan: The Warriors of Legend,PS3,2015,Action
Art Academy: Home Studio,WiiU,2015,Misc
Assassination Classroom: Grand Siege on Kuro-sensei,3DS,2015,Action
Assassin's Creed Chronicles: China,PS4,2015,Action
Assassin's Creed Syndicate,PS4,2015,Action
Assassin's Creed Syndicate,XOne,2015,Action
Assassin's Creed Syndicate,PC,2015,Action
Assassin's Creed: Rogue,PC,2015,Action
Atelier Escha & Logy: Alchemists of the Dusk Sky,PSV,2015,Role-Playing
Atelier Sophie: The Alchemist of the Mysterious Book,PS4,2015,Role-Playing
Atelier Sophie: The Alchemist of the Mysterious Book,PSV,2015,Role-Playing
Atelier Sophie: The Alchemist of the Mysterious Book,PS3,2015,Role-Playing
Back to the Future: The Game,PS4,2015,Adventure
Back to the Future: The Game,X360,2015,Adventure
Back to the Future: The Game,XOne,2015,Adventure
Bad Apple Wars,PSV,2015,Action
Barbie and Her Sisters Puppy Rescue,3DS,2015,Action
Barbie and Her Sisters Puppy Rescue,Wii,2015,Action
Barbie and Her Sisters Puppy Rescue,WiiU,2015,Action
Batman: Arkham Knight,PS4,2015,Action
Batman: Arkham Knight,XOne,2015,Action
Batman: Arkham Knight,PC,2015,Action
Battlefield: Hardline,PS4,2015,Shooter
Battlefield: Hardline,XOne,2015,Shooter
Battlefield: Hardline,PS3,2015,Shooter
Battlefield: Hardline,X360,2015,Shooter
Battlefield: Hardline,PC,2015,Shooter
Blade Arcus from Shining EX,PS4,2015,Fighting
Blade Arcus from Shining EX,PS3,2015,Fighting
Bladestorm: Nightmare,PS4,2015,Action
Bladestorm: Nightmare,XOne,2015,Action
Bladestorm: Nightmare,PS3,2015,Action
BlazBlue: Chrono Phantasma Extend,PS4,2015,Action
BlazBlue: Chrono Phantasma Extend,XOne,2015,Action
BlazBlue: Chrono Phantasma Extend,PS3,2015,Action
BlazBlue: Chrono Phantasma Extend,PSV,2015,Action
Bloodborne,PS4,2015,Action
Borderlands: The Handsome Collection,PS4,2015,Shooter
Borderlands: The Handsome Collection,XOne,2015,Shooter
Bravely Second: End Layer,3DS,2015,Role-Playing
Broken Sword 5: The Serpent's Curse,PS4,2015,Adventure
Broken Sword 5: The Serpent's Curse,XOne,2015,Adventure
Brothers: A Tale of Two Sons,PS4,2015,Adventure
Brothers: A Tale of Two Sons,XOne,2015,Adventure
Call of Duty: Black Ops 3,PS4,2015,Shooter
Call of Duty: Black Ops 3,XOne,2015,Shooter
Call of Duty: Black Ops 3,X360,2015,Shooter
Call of Duty: Black Ops 3,PS3,2015,Shooter
Call of Duty: Black Ops 3,PC,2015,Shooter
Chaos;Child,PSV,2015,Adventure
Chaos;Child,PS4,2015,Adventure
Chaos;Child,PS3,2015,Adventure
Chibi-Robo! Zip Lash,3DS,2015,Platform
Cities: Skylines,PC,2015,Simulation
Civilization Beyond Earth: Rising Tide,PC,2015,Strategy
Clock Zero: Shuuen no Ichibyou - ExTime,PSV,2015,Action
Code Name: S.T.E.A.M.,3DS,2015,Strategy
Corpse Party: Blood Covered - Repeated Fear,3DS,2015,Adventure
Criminal Girls 2,PSV,2015,Role-Playing
Cross Ange: Tenshi to Ryuu no Rondo tr.,PSV,2015,Action
Dark Souls II,PS4,2015,Role-Playing
Dark Souls II,XOne,2015,Role-Playing
Darksiders II,PS4,2015,Action
Darksiders II,XOne,2015,Action
Date-A-Live Twin Edition: Rio Reincarnation,PSV,2015,Action
Dead or Alive 5,PS4,2015,Fighting
Dead or Alive 5,XOne,2015,Fighting
Deadpool,PS4,2015,Action
Deadpool,XOne,2015,Action
Destiny: The Taken King,PS4,2015,Shooter
Destiny: The Taken King,XOne,2015,Shooter
Destiny: The Taken King,PS3,2015,Shooter
Destiny: The Taken King,X360,2015,Shooter
Devil May Cry 4,PS4,2015,Action
Devil Survivor: Over Clock,3DS,2015,Strategy
Devil's Third,WiiU,2015,Action
Diabolik Lovers: Dark Fate,PSV,2015,Action
Diabolik Lovers: More Blood,PSV,2015,Adventure
Digimon Story: Cyber Sleuth,PSV,2015,Role-Playing
Disgaea 5: Alliance of Vengeance,PS4,2015,Role-Playing
Dishonored,PS4,2015,Action
Dishonored,XOne,2015,Action
Disney Infinity 2.0: Marvel Super Heroes,PSV,2015,Action
Disney Infinity 3.0,PS4,2015,Action
Disney Infinity 3.0,WiiU,2015,Action
Disney Infinity 3.0,PS3,2015,Action
Disney Infinity 3.0,X360,2015,Action
Disney Infinity 3.0,XOne,2015,Action
Disney Magic World 2,3DS,2015,Action
Divinity: Original Sin,PS4,2015,Role-Playing
Divinity: Original Sin,XOne,2015,Role-Playing
DmC: Devil May Cry,PS4,2015,Action
DmC: Devil May Cry,XOne,2015,Action
Don Bradman Cricket 14,PS4,2015,Sports
Don Bradman Cricket 14,XOne,2015,Sports
Doraemon: Nobita no Uchuu Eiyuuki,3DS,2015,Action
DoraMoji: Nobita no Kanji Daisakusen,3DS,2015,Misc
Downtown Nekketsu Jidaigek,3DS,2015,Action
Downtown Nekketsu Koushinkyoku: Soreyuke Daiundoukai All-Star Special,PS3,2015,Action
Downtown no Gaki no Tsukai Yaarahen de!! Zettai ni Tsukamatte Haikenai Gasu Kurobikari Land,3DS,2015,Action
Dragon Ball Z: Extreme Butoden,3DS,2015,Fighting
Dragon Ball: XenoVerse,PS4,2015,Fighting
Dragon Ball: XenoVerse,PS3,2015,Fighting
Dragon Ball: XenoVerse,XOne,2015,Fighting
Dragon Ball: XenoVerse,X360,2015,Fighting
Dragon Quest Heroes: The World's Tree Woe and the Blight Below,PS4,2015,Action
Dragon Quest Heroes: The World's Tree Woe and the Blight Below,PS3,2015,Action
Dragon Quest VIII: Journey of the Cursed King,3DS,2015,Role-Playing
Dragon Quest X: All in One Package,WiiU,2015,Role-Playing
Dragon's Dogma Online,PS4,2015,Role-Playing
Dragon's Dogma Online,PS3,2015,Role-Playing
Dream Girl Premier,3DS,2015,Misc
Durarara!! Relay,PSV,2015,Action
Dying Light,PS4,2015,Action
Dying Light,XOne,2015,Action
Dying Light,PC,2015,Action
Dynasty Warriors 8: Empires,PSV,2015,Action
Earth Defense Force 2025.1: The Shadow of New Despair,PS4,2015,Action
Earth Defense Force 4.1: The Shadow of New Despair,PS4,2015,Shooter
Ebikore Photo Kano Kiss ,PSV,2015,Action
Etrian Mystery Dungeon,3DS,2015,Role-Playing
Evolve,PS4,2015,Shooter
Evolve,XOne,2015,Shooter
Evolve,PC,2015,Shooter
Exist Archive: The Other Side of the Sky,PSV,2015,Role-Playing
Exist Archive: The Other Side of the Sky,PS4,2015,Role-Playing
F1 2015,PS4,2015,Racing
F1 2015,XOne,2015,Racing
F1 2015,PC,2015,Racing
Fairy Fencer F: Advent Dark Force,PS4,2015,Role-Playing
Fallout 4,PS4,2015,Role-Playing
Fallout 4,XOne,2015,Role-Playing
Fallout 4,PC,2015,Role-Playing
Fallout Anthology,PC,2015,Action
Famicom Remix Best Choice,3DS,2015,Action
Famista Returns,3DS,2015,Sports
Farming Simulator 15 Expansion Pack,PC,2015,Action
Farming Simulator 2015,PS3,2015,Simulation
Farming Simulator 2015,PS4,2015,Simulation
Farming Simulator 2015,X360,2015,Simulation
Farming Simulator 2015,XOne,2015,Simulation
FIFA 16,PS4,2015,Sports
FIFA 16,XOne,2015,Sports
FIFA 16,PS3,2015,Sports
FIFA 16,X360,2015,Sports
FIFA 16,PC,2015,Sports
Final Fantasy Type-0,PS4,2015,Role-Playing
Final Fantasy Type-0,XOne,2015,Role-Playing
Final Fantasy X/X-2 HD Remaster,PS4,2015,Role-Playing
Final Fantasy XIV: Heavensward,PS4,2015,Action
Final Fantasy XIV: Heavensward,PC,2015,Action
Final Fantasy XIV: Heavensward,PS3,2015,Action
Football Manager 2016,PC,2015,Simulation
Forza Motorsport 6,XOne,2015,Racing
Future Card Buddy Fight: Yuujou no Bakunetsu Fight,3DS,2015,Action
Fuuraiki 3,PSV,2015,Action
Gal Gun: Double Peace,PSV,2015,Action
Game of Thrones (Telltale),PS4,2015,Adventure
Game of Thrones (Telltale),PS3,2015,Adventure
Game of Thrones (Telltale),XOne,2015,Adventure
Game of Thrones (Telltale),X360,2015,Adventure
Gears of War: Ultimate Edition,XOne,2015,Shooter
Genkai Tokki: Moero Crystal,PSV,2015,Role-Playing
Girl Friend Beta: Kimi to Sugosu Natsuyasumi,PSV,2015,Action
Girls Mode 3: Kirakira Code,3DS,2015,Action
God Eater 2: Rage Burst,PSV,2015,Role-Playing
God Eater 2: Rage Burst,PS4,2015,Role-Playing
God Eater Off Shot: Lindow-hen Twin Pack & Animation Vol. 2,PS4,2015,Misc
God Eater Resurrection,PSV,2015,Action
God Eater Resurrection,PS4,2015,Action
God of War III,PS4,2015,Action
Goosebumps: The Game,3DS,2015,Adventure
Grand Ages: Medieval,PS4,2015,Strategy
Grand Ages: Medieval,PC,2015,Strategy
Grand Kingdom,PS4,2015,Role-Playing
Grand Kingdom,PSV,2015,Role-Playing
Grand Theft Auto V,PC,2015,Action
Gravity Falls: Legend of the Gnome Gemulets,3DS,2015,Action
Gravity Rush Remastered,PS4,2015,Action
Great Phoenix Wright: Ace Attorney - Naruhodou Ryuunosuke no Bouken,3DS,2015,Action
Gudetama: Hanjuku de Tanomuwa,3DS,2015,Action
Guitar Hero Live,PS4,2015,Misc
Guitar Hero Live,XOne,2015,Misc
Guitar Hero Live,PS3,2015,Misc
Guitar Hero Live,X360,2015,Misc
Guitar Hero Live,WiiU,2015,Misc
Hakuoki Zuisouroku Omokage Hana,PSV,2015,Action
Hakuoki: Reimeiroku - Omouhase Kara,PSV,2015,Action
Hakuoki: Shinkai - Furi no Shou,PSV,2015,Action
Halo 5: Guardians,XOne,2015,Shooter
Handball 16,PS4,2015,Sports
Handball 16,PS3,2015,Sports
Harukanaru Toki no Naka de 6,PSV,2015,Action
Harukanaru Toki no Naka de 6,PSP,2015,Action
Hasbro Family Fun Pack,XOne,2015,Misc
Hatsune Miku: Project Mirai DX,3DS,2015,Misc
Higurashi no Naku Koro ni Iki,PSV,2015,Action
Higurashi no Naku Koro ni Iki,PS3,2015,Action
Himoutou! Umaru-Chan: Himoutou Ikusei Keikaku,PSV,2015,Simulation
Hitotsu Tobashi Renai V,PSV,2015,Adventure
"Horse Life 4: My Horse, My Friend, My Champion",3DS,2015,Action
Hyakka Yakou,PSV,2015,Action
Hyperdimension Neptunia Victory II,PS4,2015,Role-Playing
Hyperdimension Neptunia Vs. Sega Hard Girls: Yume no Gattai Special,PSV,2015,Role-Playing
I Doll U,PSV,2015,Adventure
IA/VT Colorful,PSV,2015,Misc
Infinite Stratos 2: Love and Purge,PSV,2015,Action
Irotoridori no Sekai: World's End Re-Birth,PSV,2015,Action
J Stars Victory Vs.,PS4,2015,Fighting
JoJo's Bizarre Adventure: Eyes of Heaven,PS4,2015,Fighting
JoJo's Bizarre Adventure: Eyes of Heaven,PS3,2015,Fighting
Just Cause 3,PS4,2015,Action
Just Cause 3,XOne,2015,Action
Just Cause 3,PC,2015,Action
Just Dance 2016,Wii,2015,Misc
Just Dance 2016,WiiU,2015,Misc
Just Dance 2016,PS4,2015,Misc
Just Dance 2016,XOne,2015,Misc
Just Dance 2016,X360,2015,Misc
Just Dance 2016,PS3,2015,Misc
Just Dance: Disney Party 2,WiiU,2015,Action
Just Dance: Disney Party 2,XOne,2015,Action
Just Dance: Disney Party 2,X360,2015,Action
Kaitou Joker: Toki o Koeru Kaitou to Ushinawareta Houseki,3DS,2015,Action
Kaleidoeve,PSV,2015,Adventure
Kenka Banchou 6: Soul & Blood,3DS,2015,Fighting
Kiniro no Corda 3,3DS,2015,Adventure
Kirby and the Rainbow Curse,WiiU,2015,Platform
Kisuato,PSV,2015,Adventure
Kung Fu Panda: Showdown of Legendary Legends,3DS,2015,Action
Kung Fu Panda: Showdown of Legendary Legends,PS3,2015,Action
Kung Fu Panda: Showdown of Legendary Legends,X360,2015,Action
Kurogane Kaikitan,PSV,2015,Adventure
Kuroko's Basketball: Ties to Future,3DS,2015,Action
Langrisser: Re:Incarnation Tensei,3DS,2015,Role-Playing
Legend of Kay,PS4,2015,Action
Legend of Kay,WiiU,2015,Action
Legend of Kay Anniversary,PS4,2015,Action
Legend of Kay Anniversary,WiiU,2015,Action
LEGO Dimensions,PS4,2015,Action
LEGO Dimensions,PS3,2015,Action
LEGO Dimensions,WiiU,2015,Action
LEGO Dimensions,X360,2015,Action
LEGO Dimensions,XOne,2015,Action
LEGO Jurassic World,PS4,2015,Action
LEGO Jurassic World,X360,2015,Action
LEGO Jurassic World,PS3,2015,Action
LEGO Jurassic World,XOne,2015,Action
LEGO Jurassic World,3DS,2015,Action
LEGO Jurassic World,WiiU,2015,Action
LEGO Jurassic World,PSV,2015,Action
LEGO Jurassic World,PC,2015,Action
LEGO Ninjago: Shadow of Ronin,3DS,2015,Action
LEGO Ninjago: Shadow of Ronin,PSV,2015,Action
Let's Sing 2016,PS4,2015,Action
Looney Tunes: Galactic Sports,PSV,2015,Action
Lost Heroes 2,3DS,2015,Action
Lovely x Cation 1 & 2,PSV,2015,Action
Luminous Arc Infinity,PSV,2015,Action
Mad Max (2015),PS4,2015,Action
Mad Max (2015),XOne,2015,Action
Madden NFL 16,PS4,2015,Sports
Madden NFL 16,XOne,2015,Sports
Madden NFL 16,X360,2015,Sports
Madden NFL 16,PS3,2015,Sports
Mario & Luigi: Paper Jam,3DS,2015,Role-Playing
Mario & Luigi: Paper Jam & Mario Kart 7 Double Pack,3DS,2015,Misc
Mario Party 10,WiiU,2015,Misc
Mario Tennis Ultra Smash,WiiU,2015,Sports
Mario vs. Donkey Kong: Tipping Stars,3DS,2015,Puzzle
Mario vs. Donkey Kong: Tipping Stars,WiiU,2015,Puzzle
Medabots 9: Metabee / Rokusho,3DS,2015,Role-Playing
Medarot 9: Kabuto Ver. / Kuwagata Ver.,3DS,2015,Role-Playing
MegaTagmension Blanc + Neptune VS Zombies,PSV,2015,Action
Meiji Toukyou Renka: Twilight Kiss,PSP,2015,Action
MeiQ no Chika Ni Shisu: A Maze to Eradicate Them All,PSV,2015,Role-Playing
Metal Gear Solid V: The Phantom Pain,PS4,2015,Action
Metal Gear Solid V: The Phantom Pain,XOne,2015,Action
Metal Gear Solid V: The Phantom Pain,PS3,2015,Action
Metal Gear Solid V: The Phantom Pain,X360,2015,Action
Metal Gear Solid V: The Phantom Pain,PC,2015,Action
Might & Magic Heroes VII,PC,2015,Strategy
Minecraft: Story Mode,X360,2015,Adventure
Minecraft: Story Mode,PS4,2015,Adventure
Minecraft: Story Mode,PS3,2015,Adventure
Minecraft: Story Mode,XOne,2015,Adventure
Minecraft: Story Mode,PC,2015,Adventure
Miracle Girls Festival,PSV,2015,Misc
MLB 15: The Show,PS4,2015,Sports
MLB 15: The Show,PS3,2015,Sports
MLB 15: The Show,PSV,2015,Sports
Mobile Suit Gundam: Extreme VS Force,PSV,2015,Action
Monster High: New Ghoul in School,3DS,2015,Action
Monster High: New Ghoul in School,PS3,2015,Action
Monster High: New Ghoul in School,X360,2015,Action
Monster High: New Ghoul in School,Wii,2015,Action
Monster Hunter Diary: Poka Poka Airou Village DX,3DS,2015,Action
Monster Hunter X,3DS,2015,Action
Monster Strike 3DS,3DS,2015,Action
Mortal Kombat X,PS4,2015,Fighting
Mortal Kombat X,XOne,2015,Fighting
Mortal Kombat X,PC,2015,Fighting
MotoGP 15,PS4,2015,Racing
MotoGP 15,PS3,2015,Racing
MotoGP 15,XOne,2015,Racing
MX vs. ATV Supercross Encore,PS4,2015,Sports
MX vs. ATV Supercross Encore,XOne,2015,Sports
NASCAR '15,X360,2015,Sports
Natsuiro High School: Seishun Hakusho,PS4,2015,Action
Natsuiro High School: Seishun Hakusho,PS3,2015,Action
NBA 2K16,PS4,2015,Sports
NBA 2K16,XOne,2015,Sports
NBA 2K16,X360,2015,Sports
NBA 2K16,PS3,2015,Sports
NBA 2K16,PC,2015,Sports
NBA Live 16,PS4,2015,Sports
NBA Live 16,XOne,2015,Sports
Need for Speed (2015),PS4,2015,Racing
Need for Speed (2015),XOne,2015,Racing
Net High,PSV,2015,Adventure
New Atelier Rorona: Hajimari no Monogatari,3DS,2015,Action
New Prince of Tennis: Go to the Top,3DS,2015,Action
New Tokyo Legacy: Operation Babel,PSV,2015,Role-Playing
NHL 16,PS4,2015,Sports
NHL 16,XOne,2015,Sports
NHL 16,PS3,2015,Sports
NHL Legacy,X360,2015,Action
NHL Legacy,PS3,2015,Action
Nights of Azure,PS4,2015,Action
Niko Puchi Girls Runway,3DS,2015,Misc
Nintendo Presents: New Style Boutique 2 - Fashion Forward,3DS,2015,Misc
Nitroplus Blasterz: Heroines Infinite Duel,PS4,2015,Fighting
Nitroplus Blasterz: Heroines Infinite Duel,PS3,2015,Fighting
Nobunaga's Ambition II,3DS,2015,Strategy
Nobunaga's Ambition: Tenshouki with Power-Up Kit HD Version,PSV,2015,Strategy
Norn + Nonette: Last Era,PSV,2015,Action
Omega Labyrinth,PSV,2015,Role-Playing
One Piece: Pirate Warriors 3,PS4,2015,Action
One Piece: Pirate Warriors 3,PS3,2015,Action
One Piece: Pirate Warriors 3,PSV,2015,Action
Otoko Yukaku,PSV,2015,Action
OZMAFIA!! -vivace-,PSV,2015,Adventure
Paddington: Adventures in London,3DS,2015,Puzzle
Paranormal Pursuit: The Gifted One,PC,2015,Action
Parfait,PSV,2015,Adventure
Payday 2,PS4,2015,Shooter
Payday 2,XOne,2015,Shooter
Persona 4: Dancing All Night,PSV,2015,Misc
Phantasy Star Online 2: Episode 3 Deluxe Package,PSV,2015,Action
Picross 3D 2,3DS,2015,Puzzle
Pokemon Rumble World,3DS,2015,Action
Pokemon Super Mystery Dungeon,3DS,2015,Role-Playing
Prince of Stride,PSV,2015,Adventure
PriPara & Pretty Rhythm: PriPara de Tsukaeru Oshare Item 1450!,3DS,2015,Action
PriPara Mezase! Idol Grand Prix No.1!,3DS,2015,Misc
Pro Baseball Spirits 2015,PS3,2015,Action
Pro Baseball Spirits 2015,PSV,2015,Action
Pro Evolution Soccer 2016,PS4,2015,Sports
Pro Evolution Soccer 2016,PS3,2015,Sports
Pro Evolution Soccer 2016,XOne,2015,Sports
Pro Evolution Soccer 2016,X360,2015,Sports
Pro Evolution Soccer 2016,PC,2015,Sports
Professional Farmer 2016,PS4,2015,Action
Project CARS,PS4,2015,Racing
Project CARS,XOne,2015,Racing
Project CARS,PC,2015,Racing
Project X Zone 2: Brave New World,3DS,2015,Role-Playing
Psychedelica of the Black Butterfly,PSV,2015,Action
Puzzle & Dragons Z + Super Mario Bros. Edition,3DS,2015,Puzzle
Rare Replay,XOne,2015,Misc
Raven's Cry,PS4,2015,Role-Playing
Ray Gigant,PSV,2015,Role-Playing
Reine des Fleurs,PSV,2015,Action
Renai Revenge,PSV,2015,Adventure
Resident Evil: Revelations 2,PS4,2015,Action
Resident Evil: Revelations 2,PS3,2015,Action
Resident Evil: Revelations 2,PSV,2015,Action
Resident Evil: Revelations 2,XOne,2015,Action
Resident Evil: Revelations 2,X360,2015,Action
Return to PopoloCrois: A Story of Seasons Fairytale,3DS,2015,Simulation
Rhythm Heaven: The Best+,3DS,2015,Misc
Ride,PS4,2015,Racing
Ride,XOne,2015,Racing
Ride,PS3,2015,Racing
Ride,PC,2015,Racing
Ride,X360,2015,Racing
Rise of the Tomb Raider,XOne,2015,Adventure
Rise of the Tomb Raider,X360,2015,Adventure
Risen 3: Titan Lords,PS4,2015,Role-Playing
Rock Band 4,XOne,2015,Misc
Rock Band 4,PS4,2015,Misc
Rodea the Sky Soldier,WiiU,2015,Action
Rodea the Sky Soldier,3DS,2015,Action
Romance of the Three Kingdoms 13,PS4,2015,Action
Romance of the Three Kingdoms 13,PS3,2015,Action
Romance of the Three Kingdoms II,3DS,2015,Strategy
Root Infinity Rexx,PSV,2015,Adventure
Rory McIlroy PGA Tour,PS4,2015,Action
Rory McIlroy PGA Tour,XOne,2015,Action
Rugby 15,PS4,2015,Sports
Rugby 15,PS3,2015,Sports
Rugby 15,XOne,2015,Sports
Rugby 15,PSV,2015,Sports
Rugby 15,X360,2015,Sports
Rugby League Live 3,PS4,2015,Action
Rugby League Live 3,X360,2015,Action
Rugby League Live 3,PS3,2015,Action
Rugby League Live 3,XOne,2015,Action
Rugby League Team Manager 2015,PC,2015,Action
Rugby World Cup 2015,PS4,2015,Sports
Rugby World Cup 2015,PS3,2015,Sports
Rugby World Cup 2015,X360,2015,Sports
Rugby World Cup 2015,XOne,2015,Sports
Rugby World Cup 2015,PSV,2015,Sports
Rugby World Cup 2015,PC,2015,Sports
Saenai Kanojo no Sodatekata: Blessing Flowers,PSV,2015,Action
Saint Seiya: Soldiers' Soul,PS4,2015,Fighting
Saint Seiya: Soldiers' Soul,PS3,2015,Fighting
Saints Row IV,PS4,2015,Action
Saints Row IV,XOne,2015,Action
Saints Row: Gat out of Hell,PS4,2015,Action
Saints Row: Gat out of Hell,XOne,2015,Action
Saki: Zenkoku-hen,PSV,2015,Misc
Samurai Warriors 4: Empires,PS4,2015,Action
Samurai Warriors 4: Empires,PS3,2015,Action
Samurai Warriors 4: Empires,PSV,2015,Action
Samurai Warriors 4-II,PS4,2015,Action
Samurai Warriors 4-II,PS3,2015,Action
Samurai Warriors 4-II,PSV,2015,Action
Sengoku Basara 4: Sumeragi,PS3,2015,Action
Sengoku Basara 4: Sumeragi,PS4,2015,Action
Senran Kagura: Estival Versus,PSV,2015,Action
Senran Kagura: Estival Versus,PS4,2015,Action
Shantae and the Pirate's Curse,3DS,2015,Platform
Shin Megami Tensei x Fire Emblem,WiiU,2015,Role-Playing
Shin Megami Tensei: Devil Survivor 2,3DS,2015,Role-Playing
"Shinobi, Koi Utsutsu: Setsugetsuka Koi Emaki",PSV,2015,Action
Shiren the Wanderer 5 Plus: Fortune Tower and the Dice of Fate,PSV,2015,Action
Shovel Knight,3DS,2015,Platform
Shovel Knight,WiiU,2015,Platform
Shovel Knight,PS4,2015,Platform
Sid Meier's Civilization Revolution 2+,PSV,2015,Strategy
Skylanders: SuperChargers,WiiU,2015,Action
Skylanders: SuperChargers,X360,2015,Action
Skylanders: SuperChargers,PS3,2015,Action
Skylanders: SuperChargers,PS4,2015,Action
Skylanders: SuperChargers,XOne,2015,Action
Skylanders: SuperChargers,Wii,2015,Action
Skylanders: SuperChargers,3DS,2015,Action
Sousaku Alice to Oujisama!,3DS,2015,Simulation
Spirits and Demons: 5 Game Pack,PC,2015,Misc
Splatoon,WiiU,2015,Shooter
SpongeBob: HeroPants,X360,2015,Platform
SpongeBob: HeroPants,3DS,2015,Platform
SpongeBob: HeroPants,PSV,2015,Platform
Star Wars Battlefront (2015),PS4,2015,Shooter
Star Wars Battlefront (2015),XOne,2015,Shooter
Star Wars Battlefront (2015),PC,2015,Shooter
StarCraft II: Legacy of the Void,PC,2015,Strategy
State of Decay,XOne,2015,Strategy
Steins;Gate 0,PSV,2015,Adventure
Steins;Gate 0,PS4,2015,Adventure
Steins;Gate 0,PS3,2015,Adventure
Stella Glow,3DS,2015,Role-Playing
Stranger of Sword City,PSV,2015,Role-Playing
Sumikko Gurashi: Omise Hajimerundesu,3DS,2015,Action
Super Mario Maker,WiiU,2015,Platform
Super Robot Wars BX,3DS,2015,Action
Super Run For Money Tousouchuu Atsumare! Saikyou no Tousou Monotachi,3DS,2015,Action
Sword Art Online: Game Director's Edition,PS4,2015,Role-Playing
Sword Art Online: Hollow Fragment,PS4,2015,Role-Playing
Sword Art Online: Lost Song,PSV,2015,Role-Playing
Sword Art Online: Lost Song,PS4,2015,Role-Playing
Sword Art Online: Lost Song,PS3,2015,Role-Playing
Taiko no Tatsujin: Atsumete Tomodachi Daisakusen!,WiiU,2015,Misc
Taiko no Tatsujin: V Version,PSV,2015,Action
Tales of Zestiria,PS3,2015,Role-Playing
Tales of Zestiria,PS4,2015,Role-Playing
Tearaway Unfolded,PS4,2015,Platform
The Book of Unwritten Tales 2,PS4,2015,Adventure
The Crew: Wild Run,PS4,2015,Action
The Crew: Wild Run,XOne,2015,Action
The Crew: Wild Run,PC,2015,Action
The Elder Scrolls Online,PS4,2015,Role-Playing
The Elder Scrolls Online,XOne,2015,Role-Playing
The Great Mystery Hidden Object Package 5,PC,2015,Adventure
The Idolm@ster: Must Songs - Red Board / Blue Board,PSV,2015,Misc
The Legend of Heroes: Trails in the Sky First Chapter,PSV,2015,Role-Playing
The Legend of Heroes: Trails in the Sky SC Evolution,PSV,2015,Role-Playing
The Legend of Legacy,3DS,2015,Role-Playing
The Legend of Zelda: Majora's Mask 3D,3DS,2015,Action
The Legend of Zelda: Tri Force Heroes,3DS,2015,Action
The Order: 1886,PS4,2015,Shooter
The Peanuts Movie: Snoopy's Grand Adventure,3DS,2015,Action
The Peanuts Movie: Snoopy's Grand Adventure,PS4,2015,Action
The Seven Deadly Sins: Unjust Sin,3DS,2015,Adventure
The Sims 4: Get Together,PC,2015,Simulation
The Sims 4: Luxury Party Stuff,PC,2015,Simulation
The Sims 4: Spa Day,PC,2015,Simulation
The Talos Principle,PS4,2015,Puzzle
The Witch and the Hundred Knight,PS4,2015,Role-Playing
The Witcher 3: Wild Hunt,PS4,2015,Role-Playing
The Witcher 3: Wild Hunt,XOne,2015,Role-Playing
The Witcher 3: Wild Hunt,PC,2015,Role-Playing
Theatrhythm Dragon Quest,3DS,2015,Misc
Thomas and Friends: Steaming around Sodor,3DS,2015,Action
To Heart 2: Dungeon Travelers,PSV,2015,Adventure
To Love-Ru Trouble: Darkness - True Princess,PSV,2015,Action
Tokyo Ghoul: Jail,PSV,2015,Racing
Tokyo Xanadu,PSV,2015,Role-Playing
Tom Clancy's Rainbow Six: Siege,PS4,2015,Shooter
Tom Clancy's Rainbow Six: Siege,XOne,2015,Shooter
Tom Clancy's Rainbow Six: Siege,PC,2015,Shooter
Tony Hawk's Pro Skater 5,PS4,2015,Sports
Tony Hawk's Pro Skater 5,XOne,2015,Sports
Tony Hawk's Pro Skater 5,X360,2015,Sports
Tony Hawk's Pro Skater 5,PS3,2015,Sports
Total War: Attila,PC,2015,Strategy
Toukiden Kiwami,PS4,2015,Action
Toy Soldiers: War Chest,PS4,2015,Action
Toy Soldiers: War Chest,XOne,2015,Action
Train Simulator 2016,PC,2015,Simulation
Transformers: Devastation,PS4,2015,Action
Transformers: Devastation,XOne,2015,Action
Transformers: Devastation,PS3,2015,Action
Transformers: Devastation,X360,2015,Action
Transformers: Devastation,PC,2015,Action
Tropico 5,PS4,2015,Simulation
Tsuki ni Yori Sou Otome no Sahou: Hidamari no Hibi,PSV,2015,Adventure
Tsurugi no Machi no Ihoujin: Kuro no Kyuuden,PSV,2015,Role-Playing
TV Anime Idolm@ster: Cinderella Girls G4U! Pack Vol.1,PS3,2015,Action
TV Anime Idolm@ster: Cinderella Girls G4U! Pack Vol.2,PS3,2015,Action
TV Anime Idolm@ster: Cinderella Girls G4U! Pack Vol.3,PS3,2015,Action
TV Anime Idolm@ster: Cinderella Girls G4U! Pack Vol.4,PS3,2015,Action
TV Anime Idolm@ster: Cinderella Girls G4U! Pack Vol.5,PS3,2015,Action
TV Anime Idolm@ster: Cinderella Girls G4U! Pack Vol.6,PS3,2015,Adventure
TV Anime Idolm@ster: Cinderella Girls G4U! Pack Vol.7,PS3,2015,Misc
Ukiyo no Roushi,PSV,2015,Action
Ukiyo no Shishi,PS3,2015,Action
Ultra Street Fighter IV,PS4,2015,Fighting
Uncharted: The Nathan Drake Collection,PS4,2015,Action
Until Dawn,PS4,2015,Adventure
Uta no Prince-Sama: All Star After Secret,PSP,2015,Action
Utawarerumono: Itsuwari no Kamen,PSV,2015,Adventure
Utawarerumono: Itsuwari no Kamen,PS4,2015,Adventure
Utawarerumono: Itsuwari no Kamen,PS3,2015,Adventure
Valkyrie Drive: Bhikkhuni,PSV,2015,Action
War for the Overworld,PC,2015,Strategy
Wasteland 2,PS4,2015,Role-Playing
Wasteland 2,PC,2015,Role-Playing
Wasteland 2,XOne,2015,Role-Playing
Winning Post 8 2015,PSV,2015,Action
Winning Post 8 2015,PS3,2015,Action
Wolfenstein: The Old Blood,PS4,2015,Action
Wolfenstein: The Old Blood,XOne,2015,Action
Wolfenstein: The Old Blood,PC,2015,Action
World Trigger: Borderless Mission,PSV,2015,Action
WRC 5: FIA World Rally Championship,PS3,2015,Sports
WRC 5: FIA World Rally Championship,PS4,2015,Sports
WRC 5: FIA World Rally Championship,PSV,2015,Sports
WRC 5: FIA World Rally Championship,XOne,2015,Sports
WWE 2K16,PS4,2015,Sports
WWE 2K16,XOne,2015,Sports
WWE 2K16,PS3,2015,Sports
WWE 2K16,X360,2015,Sports
Xblaze: Lost Memories,PS3,2015,Adventure
Xblaze: Lost Memories,PSV,2015,Adventure
Xenoblade Chronicles,3DS,2015,Role-Playing
Xenoblade Chronicles X,WiiU,2015,Role-Playing
Yakuza Zero: The Place of Oath,PS3,2015,Action
Yakuza Zero: The Place of Oath,PS4,2015,Action
Yokai Watch Busters,3DS,2015,Action
YoKai Watch Dance: Just Dance Special Version,WiiU,2015,Misc
Yomawari,PSV,2015,Adventure
Yoru no Nai Kuni,PS4,2015,Role-Playing
Yoru no Nai Kuni,PSV,2015,Role-Playing
Yoru no Nai Kuni,PS3,2015,Role-Playing
Yoshi's Woolly World,WiiU,2015,Platform
Yowamushi Pedal,3DS,2015,Action
Yuki Yuna is a Hero: Memory of the Forest,PSV,2015,Action
Zombie Army Trilogy,PS4,2015,Shooter
Zombie Army Trilogy,XOne,2015,Shooter
 Haikyu!! Cross Team Match!,3DS,2016,Adventure
12-Sai. Koisuru Diary,3DS,2016,Adventure
3DS Classic Collection,3DS,2016,Misc
7 Days to Die,PS4,2016,Action
7 Days to Die,XOne,2016,Action
7'scarlet,PSV,2016,Adventure
Ace Attorney 6,3DS,2016,Adventure
Aegis of Earth: Protonovus Assault,PSV,2016,Action
Aegis of Earth: Protonovus Assault,PS4,2016,Action
Aegis of Earth: Protonovus Assault,PS3,2016,Action
Agatha Christie: The ABC Murders,PC,2016,Adventure
Agatha Christie's The ABC Murders,PS4,2016,Adventure
Agatha Christie's The ABC Murders,XOne,2016,Adventure
Aikatsu Stars! My Special Appeal,3DS,2016,Action
Anima - Gate of Memories,PS4,2016,Action
Ansatsu Kyoushitsu: Assassin Ikusei Keikaku!!,3DS,2016,Action
Ao no Kanata no Four Rhythm,PSV,2016,Adventure
Arslan: The Warriors of Legend,XOne,2016,Action
Assassin's Creed Chronicles,PS4,2016,Action
Assassin's Creed Chronicles,PSV,2016,Action
Assassin's Creed Chronicles,XOne,2016,Action
Assassin's Creed The Ezio Collection,PS4,2016,Action
Assassin's Creed The Ezio Collection,XOne,2016,Action
Assault Suit Leynos,PS4,2016,Shooter
Assetto Corsa,PS4,2016,Racing
Assetto Corsa,XOne,2016,Racing
Atari Flashback Classics: Volume 1,PS4,2016,Misc
Atari Flashback Classics: Volume 1,XOne,2016,Misc
Atari Flashback Classics: Volume 2,PS4,2016,Misc
Atari Flashback Classics: Volume 2,XOne,2016,Misc
Atelier Firis: The Alchemist of the Mysterious Journey,PS4,2016,Role-Playing
Atelier Firis: The Alchemist of the Mysterious Journey,PSV,2016,Role-Playing
Atelier Shallie Plus: Alchemists of the Dusk Sea,PSV,2016,Role-Playing
Attack on Titan (KOEI),PS4,2016,Action
Attack on Titan (KOEI),PSV,2016,Action
Attack on Titan (KOEI),PS3,2016,Action
Attack on Titan (KOEI),XOne,2016,Action
Azure Striker Gunvolt,3DS,2016,Action
Azure Striker Gunvolt: Striker Pack,3DS,2016,Action
Batman: A Telltale Game Series,PS4,2016,Adventure
Batman: A Telltale Game Series,PS3,2016,Adventure
Batman: A Telltale Game Series,X360,2016,Adventure
Batman: A Telltale Game Series,XOne,2016,Adventure
Batman: Arkham VR,PS4,2016,Action
Batman: Return to Arkham,PS4,2016,Action
Batman: Return to Arkham,XOne,2016,Action
Battle Worlds: Kronos,PC,2016,Strategy
Battleborn,PS4,2016,Shooter
Battleborn,XOne,2016,Shooter
Battleborn,PC,2016,Shooter
Battlefield 1,PS4,2016,Shooter
Battlefield 1,XOne,2016,Shooter
Battlefield 1,PC,2016,Shooter
Battlezone,PS4,2016,Action
Berserk and the Band of the Hawk,PS4,2016,Action
Berserk and the Band of the Hawk,PSV,2016,Action
BioShock The Collection,PS4,2016,Shooter
BioShock The Collection,XOne,2016,Shooter
Black Rose Valkyrie,PS4,2016,Role-Playing
BlazBlue Central Fiction,PS4,2016,Fighting
BlazBlue Central Fiction,PS3,2016,Fighting
Bullet Girls 2,PSV,2016,Action
Bus Simulator 16,PC,2016,Simulation
Caligula,PSV,2016,Role-Playing
Call of Duty: Infinite Warfare,PS4,2016,Shooter
Call of Duty: Infinite Warfare,XOne,2016,Shooter
Call of Duty: Infinite Warfare,PC,2016,Shooter
Call of Duty: Modern Warfare Trilogy,X360,2016,Shooter
Call of Duty: Modern Warfare Trilogy,PS3,2016,Shooter
Card Fight!! Vanguard G: Stride to Victory!!,3DS,2016,Misc
Carmageddon: Max Damage,XOne,2016,Action
Carmageddon: Max Damage,PS4,2016,Action
Cartoon Network Battle Crashers,3DS,2016,Action
Chou Ezaru wa Akai Hana: Koi wa Tsuki ni Shirube Kareru,PSV,2016,Action
Cities: Skylines Snowfall,PC,2016,Simulation
Codename: Panzers Complete Collection,PC,2016,Strategy
Collar x Malice,PSV,2016,Action
Corpse Party: Back to School Edition,3DS,2016,Adventure
Coven and Labyrinth of Refrain,PSV,2016,Action
Crows: Burning Edge,PS4,2016,Action
Culdcept Revolt,3DS,2016,Strategy
Dance with Devils,PSV,2016,Action
Darius Burst: Chronicle Saviours,PSV,2016,Action
Dark Souls III,PS4,2016,Role-Playing
Dark Souls III,XOne,2016,Role-Playing
Dark Souls III,PC,2016,Role-Playing
Darksiders: Warmastered Edition,PS4,2016,Action
Darksiders: Warmastered Edition,XOne,2016,Action
Dead Island Definitive Collection,PS4,2016,Action
Dead Island Definitive Collection,XOne,2016,Action
Dead or Alive Xtreme 3: Fortune,PS4,2016,Sports
Dead or Alive Xtreme 3: Venus,PSV,2016,Sports
Dead Rising,PS4,2016,Action
Dead Rising,XOne,2016,Action
Dead Rising 2,PS4,2016,Action
Dead Rising 2,XOne,2016,Action
Destiny: The Collection,PS4,2016,Shooter
Destiny: The Collection,XOne,2016,Shooter
Deus Ex: Mankind Divided,PS4,2016,Role-Playing
Deus Ex: Mankind Divided,XOne,2016,Role-Playing
Deus Ex: Mankind Divided,PC,2016,Role-Playing
Diabolik Lovers: Lunatic Parade,PSV,2016,Adventure
Digimon Story: Cyber Sleuth,PS4,2016,Role-Playing
Digimon World: Next Order,PSV,2016,Action
Dino Dini's Kick Off Revival,PS4,2016,Sports
DiRT Rally,PS4,2016,Racing
DiRT Rally,XOne,2016,Racing
DiRT Rally,PC,2016,Racing
Dishonored 2,PS4,2016,Action
Dishonored 2,XOne,2016,Action
Dishonored 2,PC,2016,Action
Disney Art Academy,3DS,2016,Action
Doom (2016),PS4,2016,Shooter
Doom (2016),XOne,2016,Shooter
Doom (2016),PC,2016,Shooter
Doraemon: Shin Nobita no Nihon Tanjou,3DS,2016,Misc
Dragon Ball: Fusions,3DS,2016,Role-Playing
Dragon Ball: Xenoverse 2,PS4,2016,Action
Dragon Ball: Xenoverse 2,XOne,2016,Action
Dragon Quest Builders: Revive Alefgard,PS4,2016,Role-Playing
Dragon Quest Builders: Revive Alefgard,PSV,2016,Role-Playing
Dragon Quest Builders: Revive Alefgard,PS3,2016,Role-Playing
Dragon Quest Heroes II: Twin Kings and the Prophecy's End,PS4,2016,Action
Dragon Quest Heroes II: Twin Kings and the Prophecy's End,PSV,2016,Action
Dragon Quest Heroes II: Twin Kings and the Prophecy's End,PS3,2016,Action
Dragon Quest Monsters Joker 3,3DS,2016,Role-Playing
Dragon's Dogma Online: Season 2,PS4,2016,Action
DriveClub VR,PS4,2016,Racing
Duke Nukem 3D: 20th Anniversary World Tour,PS4,2016,Shooter
Duke Nukem 3D: 20th Anniversary World Tour,XOne,2016,Shooter
Dungeons 2,PS4,2016,Role-Playing
Dynasty Warriors: Eiketsuden,PS4,2016,Action
Dynasty Warriors: Eiketsuden,PSV,2016,Action
Dynasty Warriors: Eiketsuden,PS3,2016,Action
EA Sports UFC 2,PS4,2016,Sports
EA Sports UFC 2,XOne,2016,Sports
Eagle Flight,PS4,2016,Adventure
Etrian Odyssey V,3DS,2016,Role-Playing
Eve: Burst Error R,PSV,2016,Action
EVE: Valkyrie,PS4,2016,Shooter
F1 2016 (Codemasters),PS4,2016,Racing
F1 2016 (Codemasters),XOne,2016,Racing
F1 2016 (Codemasters),PC,2016,Racing
Far Cry: Primal,PS4,2016,Action
Far Cry: Primal,XOne,2016,Action
Far Cry: Primal,PC,2016,Action
Farming 2017 - The Simulation,PS4,2016,Simulation
Farming Simulator 17,PC,2016,Simulation
Farming Simulator 17,PS4,2016,Simulation
Farming Simulator 17,XOne,2016,Simulation
Fast Racing Neo ,WiiU,2016,Action
Fate/Extella: The Umbral Star,PS4,2016,Action
Fate/Extella: The Umbral Star,PSV,2016,Action
Fernbus Simulator,PC,2016,Simulation
FIFA 17,PS4,2016,Sports
FIFA 17,XOne,2016,Sports
FIFA 17,PS3,2016,Sports
FIFA 17,X360,2016,Sports
FIFA 17,PC,2016,Sports
Football Manager 2017,PC,2016,Simulation
Forza Horizon 3,XOne,2016,Racing
Gakusen Toshi Asterisk Festa: Houka Kenran,PSV,2016,Fighting
Gears of War 4,XOne,2016,Shooter
Genkai Tokki: Seven Pirates,PSV,2016,Role-Playing
Ghostbusters (2016),PS4,2016,Action
Ghostbusters (2016),XOne,2016,Action
Goat Simulator,XOne,2016,Simulation
Gochuumon wa Usagi Desu ka?? Wonderful Party!,PSV,2016,Adventure
God Eater Off Shot: Soma Shikkuzaru-hen Twin Pack & Animation Vol.4,PS4,2016,Action
God Eater Off Shot: Tachibana Sakuya-hen Twin Pack & Animation Vol.7,PS4,2016,Action
God Eater Off Shot:Shiou-hen Twin Pack & Animation Vol.5,PS4,2016,Misc
Guilty Gear Xrd -Revelator-,PS4,2016,Fighting
Guilty Gear Xrd -Revelator-,PS3,2016,Fighting
Gundam Breaker 3,PSV,2016,Action
Gundam Breaker 3,PS4,2016,Action
Haitaka no Psychedelica,PSV,2016,Adventure
Hakuoki: Shinkai - Hana no Shou,PSV,2016,Adventure
Harvest Moon: Skytree Village,3DS,2016,Simulation
Hatsune Miku: Project Diva X,PSV,2016,Misc
Hatsune Miku: Project Diva X,PS4,2016,Misc
Hearts of Iron IV,PC,2016,Strategy
Here They Lie,PS4,2016,Adventure
Hitman (2016),PS4,2016,Action
Hitman (2016),XOne,2016,Action
Homefront: The Revolution,PS4,2016,Shooter
Homefront: The Revolution,XOne,2016,Shooter
Homefront: The Revolution,PC,2016,Shooter
Hyakka Hyakurou: Sengoku Ninpoujou,PSV,2016,Adventure
Hyrule Warriors,3DS,2016,Action
Jikkyou Powerful Pro Baseball 2016,PSV,2016,Sports
Jikkyou Powerful Pro Baseball 2016,PS4,2016,Sports
Jikkyou Powerful Pro Baseball 2016,PS3,2016,Sports
Just Dance 2017,Wii,2016,Misc
Just Dance 2017,WiiU,2016,Misc
Just Dance 2017,PS3,2016,Misc
Just Dance 2017,XOne,2016,Misc
Just Dance 2017,X360,2016,Misc
Just Dance 2017,PS4,2016,Misc
Kamen Rider: Battride War Genesis,PS4,2016,Action
Kamen Rider: Battride War Genesis,PSV,2016,Action
Kamen Rider: Battride War Genesis,PS3,2016,Action
Kamigami no Asobi InFinite,PSV,2016,Adventure
Kan Colle Kai,PSV,2016,Action
Kangokutou Mary Skelter,PSV,2016,Role-Playing
Kenka Bancho Otome,PSV,2016,Action
Killing Floor 2 ,PS4,2016,Shooter
King's Quest: The Complete Collection,PS4,2016,Adventure
Kirby: Planet Robobot,3DS,2016,Action
Koihime Enbu,PS4,2016,Fighting
Kyoukai no Shirayuki,PSV,2016,Action
La Corda d'Oro 4,PSV,2016,Action
LEGO Harry Potter Collection,PS4,2016,Action
LEGO Marvel's Avengers,PS4,2016,Action
LEGO Marvel's Avengers,XOne,2016,Action
LEGO Marvel's Avengers,X360,2016,Action
LEGO Marvel's Avengers,PS3,2016,Action
LEGO Marvel's Avengers,WiiU,2016,Action
LEGO Marvel's Avengers,3DS,2016,Action
LEGO Marvel's Avengers,PSV,2016,Action
Lego Star Wars: The Force Awakens,PS4,2016,Action
Lego Star Wars: The Force Awakens,XOne,2016,Action
Lego Star Wars: The Force Awakens,PS3,2016,Action
Lego Star Wars: The Force Awakens,WiiU,2016,Action
Lego Star Wars: The Force Awakens,3DS,2016,Action
Lego Star Wars: The Force Awakens,X360,2016,Action
Lego Star Wars: The Force Awakens,PSV,2016,Action
Life is Strange,PS4,2016,Adventure
Life is Strange,XOne,2016,Adventure
Life is Strange,PC,2016,Adventure
Loading Human,PS4,2016,Adventure
Lumo,PSV,2016,Puzzle
Macross ? Scramble,PSV,2016,Action
Madden NFL 17,PS4,2016,Sports
Madden NFL 17,XOne,2016,Sports
Madden NFL 17,X360,2016,Sports
Madden NFL 17,PS3,2016,Sports
Mafia III,PS4,2016,Action
Mafia III,XOne,2016,Action
Mafia III,PC,2016,Action
Mario & Sonic at the Rio 2016 Olympic Games,3DS,2016,Action
Mario & Sonic at the Rio 2016 Olympic Games,WiiU,2016,Action
Mario Party: Star Rush,3DS,2016,Misc
Mark McMorris Infinite Air,PS4,2016,Sports
Mark McMorris Infinite Air,XOne,2016,Sports
Medabots Girls Mission: Metabee Ver. / Rokusho Ver.,3DS,2016,Role-Playing
Mega Man Legacy Collection,3DS,2016,Platform
Mega Man Legacy Collection,PS4,2016,Platform
Metal Gear Solid V: The Definitive Experience,PS4,2016,Action
Metal Gear Solid V: The Definitive Experience,XOne,2016,Action
Metroid Prime: Federation Force,3DS,2016,Action
Mighty No. 9,PS4,2016,Platform
Mighty No. 9,WiiU,2016,Platform
Mighty No. 9,XOne,2016,Platform
Minecraft,WiiU,2016,Misc
Mirror's Edge Catalyst,PS4,2016,Platform
Mirror's Edge Catalyst,XOne,2016,Platform
Mirror's Edge Catalyst,PC,2016,Platform
MLB 16: The Show,PS4,2016,Action
MLB 16: The Show,PS3,2016,Action
Monster Hunter Stories,3DS,2016,Action
"Moshi, Kono Sekai ni Kami-sama ga Iru to suru Naraba.",PSV,2016,Adventure
MuvLuv Double Pack,PSV,2016,Adventure
MXGP 2,PS4,2016,Racing
MXGP 2,XOne,2016,Racing
MXGP 2,PC,2016,Racing
My Hero Academia: Battle for All,3DS,2016,Action
Naruto Shippuden: Ultimate Ninja Storm 4,PS4,2016,Fighting
Naruto Shippuden: Ultimate Ninja Storm 4,XOne,2016,Fighting
Naruto Shippuden: Ultimate Ninja Storm Collection,PS3,2016,Action
NASCAR Heat Evolution,PS4,2016,Racing
NASCAR Heat Evolution,XOne,2016,Racing
NBA 2K17,PS4,2016,Sports
NBA 2K17,XOne,2016,Sports
NBA 2K17,PS3,2016,Sports
NBA 2K17,X360,2016,Sports
NBA 2K17,PC,2016,Sports
Need for Speed (2015),PC,2016,Racing
New Interpretation Stranger of Sword City,PSV,2016,Role-Playing
NHL 17,PS4,2016,Sports
NHL 17,XOne,2016,Sports
Nil Admirari no Tenbin: Teito Genwaku Toukidan,PSV,2016,Adventure
No Man's Sky,PS4,2016,Action
Nobunaga's Ambition: Sphere of Influence - Sengoku Risshiden,PS4,2016,Misc
Nobunaga's Ambition: Sphere of Influence - Sengoku Risshiden,PSV,2016,Misc
Nobunaga's Ambition: Sphere of Influence - Sengoku Risshiden,PS3,2016,Misc
Norn + Nonette: Act Tune,PSV,2016,Action
Odin Sphere: Leifthrasir,PS4,2016,Role-Playing
Odin Sphere: Leifthrasir,PSV,2016,Role-Playing
Odin Sphere: Leifthrasir,PS3,2016,Role-Playing
One Piece: Burning Blood,PS4,2016,Fighting
One Piece: Burning Blood,PSV,2016,Fighting
One Piece: Burning Blood,XOne,2016,Fighting
One Piece: Daikaizoku Coliseum,3DS,2016,Fighting
Overwatch,PS4,2016,Shooter
Overwatch,XOne,2016,Shooter
Overwatch,PC,2016,Shooter
Pac-Man Championship Edition 2 + Arcade Game Series,XOne,2016,Action
Paper Mario: Color Splash,WiiU,2016,Role-Playing
Paragon,PS4,2016,Action
Period Cube: Torikago no Amadeus,PSV,2016,Action
Persona 5,PS4,2016,Role-Playing
Persona 5,PS3,2016,Role-Playing
Plants vs. Zombies: Garden Warfare 2,PS4,2016,Shooter
Plants vs. Zombies: Garden Warfare 2,XOne,2016,Shooter
Plants vs. Zombies: Garden Warfare 2,PC,2016,Shooter
PlayStation VR Worlds,PS4,2016,Misc
Pokemon Sun/Moon,3DS,2016,Role-Playing
Pokken Tournament,WiiU,2016,Fighting
PriPara Mezameyo! Megami no Dress Design,3DS,2016,Action
Prison Architect,PS4,2016,Action
Prison Architect,XOne,2016,Action
Pro Cycling Manager 2016,PS4,2016,Sports
Pro Cycling Manager 2016,PC,2016,Sports
Pro Evolution Soccer 2017,PS4,2016,Sports
Pro Evolution Soccer 2017,PS3,2016,Sports
Pro Evolution Soccer 2017,XOne,2016,Sports
Pro Evolution Soccer 2017,X360,2016,Sports
Pro Evolution Soccer 2017,PC,2016,Sports
Project Setsuna,PS4,2016,Role-Playing
Project Setsuna,PSV,2016,Role-Playing
Prototype: Biohazard Bundle,PS4,2016,Action
Prototype: Biohazard Bundle,XOne,2016,Action
Psycho-Pass: Mandatory Happiness,PS4,2016,Adventure
Psycho-Pass: Mandatory Happiness,PSV,2016,Adventure
Puzzle & Dragons X: God Chapter / Dragon Chapter,3DS,2016,Action
Quantum Break,XOne,2016,Action
Quantum Break,PC,2016,Action
R.B.I. Baseball 2016,XOne,2016,Sports
R.B.I. Baseball 2016,PS4,2016,Sports
Ratchet & Clank (2016),PS4,2016,Platform
Reco Love: Blue Ocean,PSV,2016,Adventure
ReCore,XOne,2016,Action
Refrain no Chika Meikyuu to Majo no Ryodan,PSV,2016,Action
Republique,PS4,2016,Action
Resident Evil 4 HD,PS4,2016,Shooter
Resident Evil 4 HD,XOne,2016,Shooter
Resident Evil 5 HD,PS4,2016,Action
Resident Evil 5 HD,XOne,2016,Action
Resident Evil 6,PS4,2016,Shooter
Resident Evil 6,XOne,2016,Shooter
Resident Evil Zero,PS4,2016,Action
Resident Evil Zero,XOne,2016,Action
Resident Evil Zero,PC,2016,Action
Resident Evil: Umbrella Corps,PS4,2016,Action
Revolution: 25th Anniversary Collection,PC,2016,Adventure
Ride 2,PS4,2016,Racing
Ride 2,XOne,2016,Racing
Ride 2,PC,2016,Racing
RIGS: Mechanized Combat League,PS4,2016,Action
Rise of the Tomb Raider,PS4,2016,Adventure
Rise of the Tomb Raider,PC,2016,Adventure
River City Ransom SP,3DS,2016,Action
Robinson: The Journey,PS4,2016,Action
Rocket League,PS4,2016,Sports
Rocket League,XOne,2016,Sports
Rocket League,PC,2016,Sports
Rocksmith 2014 Edition Remastered,PS4,2016,Misc
Rocksmith 2014 Edition Remastered,XOne,2016,Misc
RollerCoaster Tycoon World,PC,2016,Simulation
Root Letter,PSV,2016,Adventure
Root Letter,PS4,2016,Adventure
Rose to Tasogare no Kojou,PSV,2016,Action
Rugby Challenge 3,PS4,2016,Sports
Rugby Challenge 3,PS3,2016,Sports
Rugby Challenge 3,X360,2016,Sports
Rugby Challenge 3,XOne,2016,Sports
S??bastien Loeb Rally Evo,PS4,2016,Racing
S??bastien Loeb Rally Evo,XOne,2016,Racing
Samurai Warriors: Sanada Maru,PS4,2016,Action
Samurai Warriors: Sanada Maru,PSV,2016,Action
Samurai Warriors: Sanada Maru,PS3,2016,Action
Sangoku Koi Senki: Omoide Gaeshi - CS Edition,PSV,2016,Adventure
SD Gundam G Generation Genesis,PSV,2016,Strategy
SD Gundam G Generation Genesis,PS4,2016,Strategy
Sengoku Basara: Sanada Yukimura-Den,PS4,2016,Action
Sengoku Basara: Sanada Yukimura-Den,PS3,2016,Action
Sengoku Otome: Legend Battle,PSV,2016,Action
Sherlock Holmes: The Devil's Daughter,PC,2016,Adventure
Sherlock Holmes: The Devil's Daughter,PS4,2016,Adventure
Shin Hayarigami 2,PSV,2016,Adventure
Shin Hayarigami 2,PS4,2016,Adventure
Shin Megami Tensei IV: Final,3DS,2016,Role-Playing
Shitsuji ga Aruji o Erabu Toki,PSV,2016,Adventure
Sid Meier's Civilization VI,PC,2016,Strategy
Skylanders Imaginators,WiiU,2016,Platform
Skylanders Imaginators,PS4,2016,Platform
Skylanders Imaginators,PS3,2016,Platform
Skylanders Imaginators,XOne,2016,Platform
Skylanders Imaginators,X360,2016,Platform
Song of the Deep,PS4,2016,Action
Song of the Deep,XOne,2016,Action
Song of the Deep,PC,2016,Action
Sonic Boom: Fire & Ice,3DS,2016,Platform
Star Fox: Zero,WiiU,2016,Shooter
Star Ocean 5: Integrity and Faithlessness,PS4,2016,Role-Playing
Star Ocean 5: Integrity and Faithlessness,PS3,2016,Role-Playing
Stellaris,PC,2016,Strategy
Storm Lover 2nd V,PSV,2016,Adventure
Story of Seasons: Good Friends of the Three Villages,3DS,2016,Simulation
Strawberry Nauts,PSV,2016,Adventure
Street Fighter V,PS4,2016,Fighting
Street Fighter V,PC,2016,Fighting
Sumikko Gurashi: Mura o Tsukurundesu,3DS,2016,Misc
Summon Night 6: Lost Borders,PSV,2016,Action
Summon Night 6: Lost Borders,PS4,2016,Action
Super Battle For Money Sentouchuu: Kyuukyoku no Shinobu to Battle Player Choujou Kessen!,3DS,2016,Action
Super Dungeon Bros,PS4,2016,Action
Super Robot Wars OG: The Moon Dwellers,PS4,2016,Misc
Super Robot Wars OG: The Moon Dwellers,PS3,2016,Misc
Super Stardust Ultra VR,PS4,2016,Shooter
Superdimension Neptune vs Sega Hard Girls,PSV,2016,Role-Playing
Sword Art Online: Hollow Realization,PS4,2016,Role-Playing
Sword Art Online: Hollow Realization,PSV,2016,Role-Playing
Taiko no Tatsujin: Don Don! Mystery Adventure,3DS,2016,Action
Taishou Moebius Line Vitable,PSV,2016,Adventure
Taishou x Alice: All in One,PSV,2016,Adventure
Tales of Berseria,PS4,2016,Role-Playing
Tales of Berseria,PS3,2016,Role-Playing
Teddy Together,3DS,2016,Simulation
Teenage Mutant Ninja Turtles: Mutants in Manhattan,PS4,2016,Action
Teenage Mutant Ninja Turtles: Mutants in Manhattan,PS3,2016,Action
Teenage Mutant Ninja Turtles: Mutants in Manhattan,XOne,2016,Action
Teenage Mutant Ninja Turtles: Mutants in Manhattan,X360,2016,Action
Terraria,3DS,2016,Action
Terraria,WiiU,2016,Action
The Book of Unwritten Tales 2,WiiU,2016,Adventure
The Elder Scrolls V: Skyrim,PS4,2016,Role-Playing
The Elder Scrolls V: Skyrim,XOne,2016,Role-Playing
The Heavy Rain and Beyond: Two Souls Collection,PS4,2016,Action
The Idolmaster: Platinum Stars,PS4,2016,Simulation
The King of Fighters XIV,PS4,2016,Fighting
The Legend of Heroes: Trails in the Sky Third Chapter,PSV,2016,Role-Playing
The Legend of Zelda: Twilight Princess HD,WiiU,2016,Action
The Longest 5 Minutes,PSV,2016,Action
The Sims 4: City Living,PC,2016,Simulation
The Technomancer,PS4,2016,Role-Playing
The Technomancer,XOne,2016,Role-Playing
The Technomancer,PC,2016,Role-Playing
This War of Mine,PS4,2016,Action
Titanfall 2,PS4,2016,Shooter
Titanfall 2,XOne,2016,Shooter
Titanfall 2,PC,2016,Shooter
Tokyo Xanadu eX+,PS4,2016,Role-Playing
Tom Clancy's The Division,PS4,2016,Shooter
Tom Clancy's The Division,XOne,2016,Shooter
Tom Clancy's The Division,PC,2016,Shooter
Total War Attila: Tyrants & Kings,PC,2016,Strategy
Total War: WARHAMMER,PC,2016,Strategy
Touhou Genso Rondo: Bullet Ballet,PS4,2016,Shooter
Toukiden 2,PSV,2016,Action
Toukiden 2,PS4,2016,Action
Toukiden 2,PS3,2016,Action
TrackMania Turbo,PS4,2016,Action
TrackMania Turbo,XOne,2016,Action
TrackMania Turbo,PC,2016,Action
Transport Fever,PC,2016,Simulation
TV Anime Idolm@ster: Cinderella Girls G4U! Pack Vol.8,PS3,2016,Misc
TV Anime Idolm@ster: Cinderella Girls G4U! Pack Vol.9,PS3,2016,Misc
UEFA Euro 2016,PS4,2016,Sports
UEFA Euro 2016,PS3,2016,Sports
Uncharted 4: A Thief's End,PS4,2016,Shooter
Until Dawn: Rush of Blood,PS4,2016,Adventure
Uppers,PSV,2016,Action
Uta no Prince-Sama: Music 3,PSV,2016,Action
Utawarerumono: Futari no Hakuoro,PSV,2016,Misc
Utawarerumono: Futari no Hakuoro,PS4,2016,Misc
Utawarerumono: Futari no Hakuoro,PS3,2016,Misc
Valentino Rossi: The Game,PS4,2016,Racing
Valentino Rossi: The Game,XOne,2016,Racing
Valentino Rossi: The Game,PC,2016,Racing
Valkyria Chronicles,PS4,2016,Role-Playing
Wand of Fortune R,PSV,2016,Adventure
Warhammer: The End Times - Vermintide,PS4,2016,Action
Watch Dogs 2,PS4,2016,Action
Watch Dogs 2,XOne,2016,Action
Winning Post 8 2016,PS4,2016,Simulation
Winning Post 8 2016,PSV,2016,Simulation
World of Final Fantasy,PS4,2016,Role-Playing
World of Final Fantasy,PSV,2016,Role-Playing
World of Warcraft: Legion,PC,2016,Role-Playing
Worms: WMD,PS4,2016,Action
Worms: WMD,XOne,2016,Action
WWE 2K17,PS4,2016,Sports
WWE 2K17,XOne,2016,Sports
WWE 2K17,PS3,2016,Sports
WWE 2K17,X360,2016,Sports
XCOM 2,PC,2016,Strategy
XCOM 2,PS4,2016,Strategy
XCOM 2,XOne,2016,Strategy
Yahari Game Demo Ore no Seishun Love-Kome wa Machigatteiru. Zoku,PSV,2016,Adventure
Yakuza Kiwami,PS4,2016,Adventure
Yakuza Kiwami,PS3,2016,Adventure
Yokai Sangokushi,3DS,2016,Action
Yokai Watch 3,3DS,2016,Action
Ys VIII: Lacrimosa of Dana,PSV,2016,Role-Playing
Yuusha Shisu.,PSV,2016,Role-Playing
Zero Escape: Zero Time Dilemma,3DS,2016,Adventure
Zero Escape: Zero Time Dilemma,PSV,2016,Adventure
Zettai Kaikyuu Gakuen: Eden with Roses and Phantasm,PSV,2016,Adventure
ZombiU,PS4,2016,Action
ZombiU,XOne,2016,Action
Brothers Conflict: Precious Baby,PSV,2017,Action
Phantasy Star Online 2 Episode 4: Deluxe Package,PS4,2017,Role-Playing
Phantasy Star Online 2 Episode 4: Deluxe Package,PSV,2017,Role-Playing
Imagine: Makeup Artist,DS,2020,Simulation
